-- MySQL dump 10.13  Distrib 5.1.53, for slackware-linux-gnu (i486)
--
-- Host: localhost    Database: simplestore
-- ------------------------------------------------------
-- Server version	5.1.53-log

/*!40101 SET @OLD_CHARACTER_SET_CLIENT=@@CHARACTER_SET_CLIENT */;
/*!40101 SET @OLD_CHARACTER_SET_RESULTS=@@CHARACTER_SET_RESULTS */;
/*!40101 SET @OLD_COLLATION_CONNECTION=@@COLLATION_CONNECTION */;
/*!40101 SET NAMES utf8 */;
/*!40103 SET @OLD_TIME_ZONE=@@TIME_ZONE */;
/*!40103 SET TIME_ZONE='+00:00' */;
/*!40014 SET @OLD_UNIQUE_CHECKS=@@UNIQUE_CHECKS, UNIQUE_CHECKS=0 */;
/*!40014 SET @OLD_FOREIGN_KEY_CHECKS=@@FOREIGN_KEY_CHECKS, FOREIGN_KEY_CHECKS=0 */;
/*!40101 SET @OLD_SQL_MODE=@@SQL_MODE, SQL_MODE='NO_AUTO_VALUE_ON_ZERO' */;
/*!40111 SET @OLD_SQL_NOTES=@@SQL_NOTES, SQL_NOTES=0 */;

--
-- Table structure for table `category`
--

DROP TABLE IF EXISTS `category`;
/*!40101 SET @saved_cs_client     = @@character_set_client */;
/*!40101 SET character_set_client = utf8 */;
CREATE TABLE `category` (
  `id` int(10) unsigned NOT NULL AUTO_INCREMENT,
  `name` varchar(30) CHARACTER SET latin1 NOT NULL,
  `description` varchar(256) CHARACTER SET latin1 DEFAULT NULL,
  `date_created` int(10) unsigned NOT NULL,
  `created_by` int(10) unsigned NOT NULL,
  `date_modified` int(10) unsigned DEFAULT NULL,
  `modified_by` int(10) unsigned DEFAULT NULL,
  PRIMARY KEY (`id`),
  UNIQUE KEY `name` (`name`)
) ENGINE=InnoDB AUTO_INCREMENT=29 DEFAULT CHARSET=utf8;
/*!40101 SET character_set_client = @saved_cs_client */;

--
-- Dumping data for table `category`
--

LOCK TABLES `category` WRITE;
/*!40000 ALTER TABLE `category` DISABLE KEYS */;
INSERT INTO `category` VALUES (1,'Food','Ready to eat foods, food ingredients not included',1293453680,31,NULL,NULL),(2,'Beverages','Includes softdrinks, energy drink',1293454334,31,NULL,NULL),(3,'Alcoholic','Beers and gin',1293454393,31,1293456419,31),(4,'Cooking ingredient','Cooking ingredients',1293454452,31,1293591360,31),(5,'Household','Household items such as detergent bars, soaps, etc',1293454491,31,1293679803,31),(6,'Load','Cellphone load',1293454541,31,NULL,NULL),(7,'Diaper','',1293454552,31,NULL,NULL),(8,'Cigarette','',1293454606,31,NULL,NULL),(9,'Others','',1293454637,31,NULL,NULL),(12,'Body and Wellness','Used for the body such as body soaps, shampoos and toothpaste, etc',1293679851,31,NULL,NULL),(13,'Shampoo','',1293779799,31,1293782336,31),(14,'Toothpaste','',1293779810,31,1293781562,31),(15,'Candy','',1293779826,31,NULL,NULL),(16,'Junk Food','',1293780362,31,NULL,NULL),(17,'Biscuit','',1293781237,31,NULL,NULL),(18,'Dishwashing','',1293782323,31,NULL,NULL),(19,'Hair Conditioner','',1293782350,31,1293782646,31),(20,'Styling Gel','',1293782476,31,NULL,NULL),(21,'Body Soap','',1293782572,31,NULL,NULL),(22,'Fabric Conditioner','',1293782640,31,NULL,NULL),(23,'Detergent Bar','',1293844049,31,1293845117,31),(24,'Detergent Powder','',1293845130,31,NULL,NULL),(25,'Noodles','',1293846680,31,NULL,NULL),(26,'Pancit Canton','',1293846864,31,NULL,NULL),(27,'Canned Food','',1294040807,31,NULL,NULL),(28,'Insecticide','',1294047351,31,NULL,NULL);
/*!40000 ALTER TABLE `category` ENABLE KEYS */;
UNLOCK TABLES;

--
-- Table structure for table `item`
--

DROP TABLE IF EXISTS `item`;
/*!40101 SET @saved_cs_client     = @@character_set_client */;
/*!40101 SET character_set_client = utf8 */;
CREATE TABLE `item` (
  `id` int(10) unsigned NOT NULL AUTO_INCREMENT,
  `category_id` int(10) unsigned NOT NULL,
  `name` varchar(64) CHARACTER SET latin1 NOT NULL,
  `description` varchar(256) CHARACTER SET latin1 DEFAULT NULL,
  `date_created` int(10) unsigned NOT NULL,
  `created_by` int(10) unsigned NOT NULL,
  `date_modified` int(10) unsigned DEFAULT NULL,
  `modified_by` int(10) unsigned DEFAULT NULL,
  PRIMARY KEY (`id`),
  UNIQUE KEY `name` (`name`),
  KEY `description` (`description`)
) ENGINE=InnoDB AUTO_INCREMENT=160 DEFAULT CHARSET=utf8;
/*!40101 SET character_set_client = @saved_cs_client */;

--
-- Dumping data for table `item`
--

LOCK TABLES `item` WRITE;
/*!40000 ALTER TABLE `item` DISABLE KEYS */;
INSERT INTO `item` VALUES (1,3,'Red Horse - 1L','',1293586031,31,NULL,NULL),(2,3,'Red Horse 500mL','',1293586589,31,1293587818,31),(3,3,'San Miguel Pilsen Grande','',1293587639,31,1293778529,31),(4,1,'Stick-O','',1293587857,31,NULL,NULL),(5,16,'Happy Blue','',1293587874,31,1293780616,31),(6,16,'Happy Green - Chicken Adobo','',1293587888,31,1293780623,31),(7,15,'Champy','',1293587902,31,1293780444,31),(10,2,'RC 800mL','RC ng bayan',1293589203,31,NULL,NULL),(11,2,'RC 240mL','RC ng bayan',1293589287,31,1293589325,31),(12,15,'Maxx Green','3 for P2',1293590123,31,1293780084,31),(13,15,'Maxx Yellow','3 for P2',1293590168,31,1293780323,31),(14,15,'Maxx White','3 for P2',1293590174,31,1293780099,31),(15,15,'Mentos Violet','3 for P2',1293590206,31,1293780328,31),(16,1,'Chocolate Sticks','',1293590245,31,NULL,NULL),(17,1,'Lollipop','Choco pop',1293590322,31,NULL,NULL),(18,16,'Halu-halo','',1293590355,31,1293780606,31),(19,16,'Ding-dong','',1293590361,31,1293780596,31),(20,16,'Corn Bits - Flakes','',1293590419,31,1293781068,31),(21,16,'Boss Bawang','',1293590451,31,1293780438,31),(22,16,'Muncher Green Peas','',1293590464,31,1293780907,31),(23,16,'Cheepee Corn Chips','',1293590488,31,1293780574,31),(24,16,'Muncher Coated Green Peas','Red color',1293590521,31,1293780898,31),(25,16,'Yasui Green Peas','',1293590545,31,1293781249,31),(26,16,'Happy Red - BBQ','',1293590566,31,1293780630,31),(27,20,'Grips Hair Wax','',1293590656,31,1293782484,31),(28,20,'Young\'s Styling Gel','',1293591009,31,1293782493,31),(29,1,'Fudgee Barr Choco Blast','',1293591049,31,1293591062,31),(30,1,'Cheese Cake','Lemon\'s Square',1293591093,31,NULL,NULL),(31,16,'Chikito Hot & Spicy','',1293591131,31,1293780589,31),(32,16,'Chikito Garlic','Garlic flavor',1293591164,31,1293780583,31),(33,16,'Karaoke Garlic & Chili','',1293591195,31,1293780642,31),(34,4,'Chicken Breading - Garlic','',1293591238,31,1293591291,31),(35,4,'Chicken Breading - Cheese','',1293591318,31,1293591333,31),(36,4,'Paminta Durog','',1293591401,31,NULL,NULL),(37,4,'Paminta Buo','',1293591410,31,NULL,NULL),(38,5,'Chlorine','',1293591447,31,NULL,NULL),(39,5,'Salic','',1293591461,31,NULL,NULL),(40,5,'Anyel','',1293591487,31,NULL,NULL),(41,1,'Mr. Jiggles Jelly Stick','',1293591585,31,NULL,NULL),(42,8,'Fortune - Red','',1293599442,31,NULL,NULL),(43,8,'Fortune - White','',1293599454,31,NULL,NULL),(44,8,'Marlboro Lights','2 per piece, 3 for P5  ',1293599475,31,1293777392,31),(45,8,'Marlboro','Red - 2 per piece, 3 for P5',1293599498,31,1293777334,31),(46,7,'Baby Soft - Medium','',1293599542,31,NULL,NULL),(47,7,'Baby Soft - Large','',1293599552,31,NULL,NULL),(48,6,'Smart Economy 30','',1293599578,31,NULL,NULL),(49,6,'Smart AllTXT 20','',1293599597,31,NULL,NULL),(50,15,'Maxx Red','3 for P2',1293623416,31,1293780093,31),(52,1,'Choco Joe Jelly','',1293623958,31,NULL,NULL),(53,17,'Marrie Time','',1293624227,31,1294007285,31),(54,17,'Yaahoo Peanut Butter','',1293624248,31,1293781272,31),(55,17,'Yaahoo Cheese','',1293624275,31,1293781285,31),(56,17,'Yaahoo Chocolate','',1293624300,31,1293781279,31),(57,1,'Nissin Wafer Yummy Butter','',1293624353,31,NULL,NULL),(58,1,'Nissin Wafer Chocolate','',1293624373,31,NULL,NULL),(59,16,'SkyFlakes Tsokolate','',1293624427,31,1293780974,31),(60,16,'Kiss Fish Cracker','',1293624471,31,1293780648,31),(61,16,'Tomi Sweet Corn','',1293624499,31,1293780985,31),(62,16,'Moby Crunchy Chocolate','',1293624527,31,1293781197,31),(63,16,'Peewee Spicy Chili','',1293624553,31,1293780955,31),(64,16,'Ri-chee','',1293624626,31,1293780962,31),(65,16,'Peewee Sizzling BBQ','',1293624655,31,1293780917,31),(66,16,'Moby Caramel Puffs','',1293624716,31,1293781189,31),(67,16,'Tilapia Kropeck Snack','',1293624759,31,1293780980,31),(68,16,'Jaki Tyan','',1293624835,31,1293780636,31),(69,16,'Lechon Manok Crackers','',1293624861,31,1293780660,31),(70,16,'Lumpia Shanghai Cheese','',1293624982,31,1293780667,31),(71,16,'Sea-rena Fish Crackers','',1293625125,31,1293780968,31),(72,14,'Colgate Fresh Confidence','Violet - twin pack',1293679997,31,1293779943,31),(73,14,'Colgate Max Cavity Protection','Red - twin pack',1293680045,31,1293779951,31),(74,14,'CloseUp Active Clean Mouthwash','Green - twin pack',1293680148,31,1293779842,31),(75,14,'Happy Fresh and Cool','Triple pack',1293680224,31,1293779965,31),(78,8,'Hope','2 per piece, 3 for P5  ',1293777385,31,NULL,NULL),(79,8,'Philip Morris','2 per piece, 3 for P5  ',1293777545,31,NULL,NULL),(80,2,'Cobra Energy Drink','',1293778452,31,NULL,NULL),(81,2,'Fruit Soda','',1293778465,31,NULL,NULL),(82,2,'Fruit Soda Lemon','',1293778495,31,NULL,NULL),(83,3,'San Miguel Pilsen Small','',1293778697,31,NULL,NULL),(84,1,'Harvey Crystal Jelly','',1293778970,31,NULL,NULL),(85,1,'Tuyo','',1293779225,31,NULL,NULL),(86,1,'Tang Strawberry','',1293779242,31,NULL,NULL),(87,1,'Tang Orange','',1293779255,31,NULL,NULL),(88,1,'Nestea Iced Tea Lemon','',1293779276,31,NULL,NULL),(89,1,'Nescafe 3 in 1','',1293779302,31,NULL,NULL),(90,1,'Nescafe Classic 2g','',1293779323,31,NULL,NULL),(91,1,'Energen Cereal','',1293779387,31,NULL,NULL),(92,1,'Coffee Mate','',1293779413,31,NULL,NULL),(93,1,'Kopiko Brown Coffee','',1293779457,31,NULL,NULL),(94,1,'Kopiko Black Coffee','',1293779467,31,NULL,NULL),(95,1,'Lady\'s Choice Sandwich Spread','',1293779502,31,NULL,NULL),(96,1,'Craft Cheese Whiz','',1293779534,31,NULL,NULL),(97,1,'Lady\'s Choice Ham Spread','',1293779552,31,NULL,NULL),(98,1,'Milo 20g','',1293779575,31,NULL,NULL),(99,13,'Vaseline Naturals 4 in 1','',1293779669,31,1293780000,31),(100,13,'Head and Shoulders Cool Menthol','Green',1293779711,31,1293779992,31),(101,19,'Creamsilk Dundruff Free','Violet',1293781697,31,1293782394,31),(102,13,'Rejoice Rich Quattro Pack','Green',1293781746,31,1293781758,31),(103,13,'Clear Men Clean xTreme','Dark blue',1293781807,31,NULL,NULL),(104,13,'Sunsilk Strong & Long','Twin pack - green',1293781856,31,NULL,NULL),(105,12,'Rexona Women Deo Lotion ','',1293781958,31,NULL,NULL),(106,13,'Palmolive Shampoo Pink','',1293782097,31,NULL,NULL),(107,13,'Sunsilk Damage Repair','Twin pack - orange',1293782132,31,1293782147,31),(108,18,'Joy Ultra Lemon','Yellow',1293782184,31,1293782448,31),(109,18,'Joy Ultra Antibac','Light-blue',1293782204,31,1293782443,31),(110,21,'Safeguard Calamansi Small','',1293782599,31,NULL,NULL),(111,22,'Del Summer Fresh','Yellow',1293782794,31,NULL,NULL),(112,22,'Downy 1Banlaw','',1293782812,31,NULL,NULL),(113,22,'Downy Sunrise Fresh 35mL','',1293782870,31,1293783109,31),(114,22,'Downy Sunrise Fresh 23mL','',1293783117,31,1293783131,31),(115,4,'Knorr Sinigang na Isda','',1293842800,31,NULL,NULL),(116,4,'Knorr Pork Broth Cube','',1293842966,31,NULL,NULL),(117,4,'Knorr Beef Broth Cube','',1293843063,31,NULL,NULL),(118,4,'Knorr Chiken Broth Cube','',1293843110,31,NULL,NULL),(119,4,'Knorr Sinigang sa Sampaloc','',1293843147,31,NULL,NULL),(120,4,'Knorr Sinigang na may Gabi','',1293843179,31,NULL,NULL),(121,4,'Ajinomoto Ginisa','',1293843215,31,NULL,NULL),(122,4,'Maggi Magic Sarap','',1293843255,31,NULL,NULL),(123,4,'Datu Puti Vinegar 60mL','Sakto pack',1293843393,31,1293843646,31),(124,4,'Datu Puti Soy Sauce 60mL','Sakto pack',1293843498,31,1293843636,31),(125,4,'Datu Puti Vinegar 200mL','',1293843626,31,NULL,NULL),(126,4,'Datu Puti Soy Sauce 200mL','',1293843679,31,NULL,NULL),(127,4,'Washed Sugar 1/4 kg','',1293843748,31,NULL,NULL),(128,4,'White Sugar 1/4 kg','',1293843759,31,NULL,NULL),(129,4,'Salt','Asin small packs',1293843869,31,NULL,NULL),(130,5,'Zonrox Bleach 100mL','',1293843920,31,1293843926,31),(131,23,'Champion','',1293844066,31,1293845153,31),(132,23,'Champion Todo Pack','',1293844076,31,1293845170,31),(133,23,'Surf Tropical Fresh','With Fabcon',1293844149,31,1293845177,31),(134,23,'Tide Dirt Magnet','With power of Safeguard',1293844213,31,1293845186,31),(135,23,'Surf Bar with 5 Herbal Extracts','Super bigatin - antibacterial',1293844495,31,NULL,NULL),(136,23,'Tide Taba Bar','',1293844667,31,NULL,NULL),(137,21,'Palmolive with Milk and Rose Petals','Soap - pink',1293844874,31,NULL,NULL),(138,21,'Safeguard Pure White Small','Family germ protection',1293844931,31,NULL,NULL),(139,21,'Palmolive White + Protect','Small, orange',1293844976,31,NULL,NULL),(140,19,'Pantene Hair Fall Control','',1293845096,31,NULL,NULL),(141,24,'Surf Tawas Bigatin','Blue',1293846057,31,1293846368,31),(142,24,'Surf Sun Fresh','Yellow',1293846305,31,NULL,NULL),(143,24,'Champion Powder','Todo Pack',1293846420,31,1293846444,31),(144,24,'Surf Orange','Orange',1293846472,31,NULL,NULL),(145,25,'Lucky Me Chicken','',1293846785,31,NULL,NULL),(146,25,'Lucky Me Beef','',1293846800,31,NULL,NULL),(147,26,'Lucky Me Sweet and Spicy','',1293846957,31,1293847152,31),(148,26,'Lucky Me Chili-mansi','',1293847020,31,NULL,NULL),(149,26,'Lucky Me Hot Spicy','',1293847097,31,NULL,NULL),(150,26,'Lucky Me Kalamansi','',1293847211,31,NULL,NULL),(151,26,'Lucky Me Original Flavor','Yellow',1293847230,31,NULL,NULL),(152,8,'Winston Red','',1293853333,31,NULL,NULL),(153,1,'Choco Topps','Cup cake',1294007393,31,NULL,NULL),(154,27,'Century Tuna Adobo','',1294040884,31,NULL,NULL),(155,27,'Century Tuna Mechado','',1294040902,31,NULL,NULL),(156,27,'Century Tuna Afridata','',1294040911,31,NULL,NULL),(157,27,'Ligo Sardines','',1294040925,31,NULL,NULL),(158,27,'CDO Carne Norte Guisado','',1294040942,31,1294040947,31),(159,28,'Baygon Mosquito Coil','Katol',1294047385,31,NULL,NULL);
/*!40000 ALTER TABLE `item` ENABLE KEYS */;
UNLOCK TABLES;

--
-- Table structure for table `price`
--

DROP TABLE IF EXISTS `price`;
/*!40101 SET @saved_cs_client     = @@character_set_client */;
/*!40101 SET character_set_client = utf8 */;
CREATE TABLE `price` (
  `id` int(10) unsigned NOT NULL AUTO_INCREMENT,
  `item_id` int(10) unsigned NOT NULL,
  `price` decimal(12,2) NOT NULL,
  `effective_date` int(10) unsigned NOT NULL,
  `date_created` int(10) unsigned NOT NULL,
  `created_by` int(10) unsigned NOT NULL,
  `date_modified` int(10) unsigned DEFAULT NULL,
  `modified_by` int(10) unsigned DEFAULT NULL,
  PRIMARY KEY (`id`),
  KEY `item_id` (`item_id`),
  KEY `effective_date` (`effective_date`)
) ENGINE=InnoDB AUTO_INCREMENT=164 DEFAULT CHARSET=utf8;
/*!40101 SET character_set_client = @saved_cs_client */;

--
-- Dumping data for table `price`
--

LOCK TABLES `price` WRITE;
/*!40000 ALTER TABLE `price` DISABLE KEYS */;
INSERT INTO `price` VALUES (1,11,'5.00',1263916800,1293622576,31,1293622595,31),(2,11,'1.00',1275321600,1293622619,31,1293622650,31),(3,11,'7.00',1285862400,1293622666,31,NULL,NULL),(4,10,'15.00',1293552000,1293622687,31,NULL,NULL),(5,12,'1.00',1293552000,1293622699,31,NULL,NULL),(6,14,'1.00',1293552000,1293622703,31,NULL,NULL),(7,13,'1.00',1293552000,1293622707,31,NULL,NULL),(8,50,'1.00',1293552000,1293623425,31,NULL,NULL),(9,55,'1.00',1293638400,1293670882,31,NULL,NULL),(10,56,'1.00',1293638400,1293670888,31,NULL,NULL),(11,54,'1.00',1293638400,1293670894,31,NULL,NULL),(12,65,'1.00',1293638400,1293671222,31,1293671247,31),(13,63,'1.00',1293638400,1293671253,31,1293671265,31),(14,72,'6.00',1293638400,1293680559,31,NULL,NULL),(15,73,'6.00',1293638400,1293680563,31,1293691556,31),(16,73,'6.00',0,1293691708,31,NULL,NULL),(17,11,'7.00',0,1293692400,31,NULL,NULL),(18,53,'1.00',1259510400,1293693139,31,NULL,NULL),(19,1,'54.00',1293724800,1293776863,31,NULL,NULL),(20,2,'7.00',1293724800,1293776959,31,NULL,NULL),(21,3,'55.00',1293724800,1293776978,31,NULL,NULL),(22,21,'1.00',1293724800,1293776995,31,NULL,NULL),(23,7,'1.00',1293724800,1293776999,31,NULL,NULL),(24,23,'1.00',1293724800,1293777003,31,NULL,NULL),(25,30,'6.00',1293724800,1293777159,31,NULL,NULL),(26,32,'1.00',1293724800,1293777163,31,NULL,NULL),(27,74,'6.00',1293724800,1293777180,31,NULL,NULL),(28,75,'5.00',1293724800,1293777187,31,NULL,NULL),(29,42,'1.00',1293724800,1293777198,31,NULL,NULL),(30,43,'1.00',1293724800,1293777201,31,NULL,NULL),(31,45,'2.00',1293724800,1293777205,31,NULL,NULL),(32,78,'2.00',1293724800,1293777611,31,NULL,NULL),(33,44,'2.00',1293724800,1293777614,31,NULL,NULL),(34,79,'2.00',1293724800,1293777617,31,NULL,NULL),(35,31,'1.00',1293724800,1293777633,31,NULL,NULL),(36,52,'1.00',1293724800,1293777636,31,NULL,NULL),(37,16,'1.00',1293724800,1293777639,31,NULL,NULL),(38,20,'1.00',1293724800,1293777643,31,NULL,NULL),(39,19,'1.00',1293724800,1293777645,31,NULL,NULL),(40,29,'1.00',1293724800,1293777647,31,NULL,NULL),(41,18,'1.00',1293724800,1293777650,31,NULL,NULL),(42,5,'1.00',1293724800,1293777655,31,NULL,NULL),(43,6,'1.00',1293724800,1293777657,31,NULL,NULL),(44,26,'1.00',1293724800,1293777660,31,NULL,NULL),(45,68,'1.00',1293724800,1293777662,31,NULL,NULL),(46,33,'1.00',1293724800,1293777665,31,NULL,NULL),(47,60,'1.00',1293724800,1293777666,31,NULL,NULL),(48,69,'1.00',1293724800,1293777670,31,NULL,NULL),(49,17,'1.00',1293724800,1293777673,31,NULL,NULL),(50,70,'1.00',1293724800,1293777676,31,NULL,NULL),(51,15,'1.00',1293724800,1293777784,31,NULL,NULL),(52,66,'1.00',1293724800,1293777786,31,NULL,NULL),(53,62,'1.00',1293724800,1293777792,31,NULL,NULL),(54,24,'1.00',1293724800,1293777805,31,NULL,NULL),(55,22,'1.00',1293724800,1293777808,31,NULL,NULL),(56,58,'1.00',1293724800,1293777811,31,NULL,NULL),(57,57,'1.00',1293724800,1293777813,31,NULL,NULL),(58,64,'1.00',1293724800,1293777815,31,NULL,NULL),(59,71,'1.00',1293724800,1293777818,31,NULL,NULL),(60,59,'1.00',1293724800,1293777823,31,NULL,NULL),(61,4,'1.00',1293724800,1293777827,31,NULL,NULL),(62,67,'1.00',1293724800,1293777831,31,NULL,NULL),(63,61,'1.00',1293724800,1293777834,31,NULL,NULL),(64,25,'1.00',1293724800,1293777837,31,NULL,NULL),(65,49,'20.00',1293724800,1293777847,31,NULL,NULL),(66,48,'30.00',1293724800,1293777850,31,NULL,NULL),(67,41,'1.00',1293724800,1293777922,31,NULL,NULL),(68,27,'5.00',1293724800,1293778310,31,NULL,NULL),(69,28,'3.00',1293724800,1293778405,31,NULL,NULL),(70,83,'20.00',1293724800,1293778714,31,NULL,NULL),(71,80,'10.00',1293724800,1293778745,31,NULL,NULL),(72,81,'7.00',1293724800,1293778755,31,NULL,NULL),(73,82,'7.00',1293724800,1293778757,31,NULL,NULL),(74,52,'2.00',1293724800,1293778916,31,NULL,NULL),(75,84,'2.00',1293724800,1293778979,31,NULL,NULL),(76,92,'2.00',1293724800,1293781384,31,NULL,NULL),(77,98,'5.00',1293724800,1293781395,31,NULL,NULL),(78,89,'5.00',1293724800,1293781399,31,NULL,NULL),(79,90,'2.00',1293724800,1293781403,31,NULL,NULL),(80,88,'10.00',1293724800,1293781410,31,NULL,NULL),(81,85,'5.00',1293724800,1293781426,31,NULL,NULL),(82,105,'5.00',1293724800,1293783398,31,NULL,NULL),(83,110,'10.00',1293724800,1293783406,31,NULL,NULL),(84,35,'5.00',1293724800,1293783694,31,NULL,NULL),(85,34,'5.00',1293724800,1293783701,31,NULL,NULL),(86,37,'0.50',1293724800,1293783735,31,NULL,NULL),(87,36,'0.50',1293811200,1293841636,31,NULL,NULL),(88,47,'8.00',1293811200,1293841646,31,NULL,NULL),(89,46,'7.00',1293811200,1293841651,31,NULL,NULL),(90,109,'5.00',1293811200,1293841668,31,NULL,NULL),(91,108,'5.00',1293811200,1293842027,31,NULL,NULL),(92,111,'5.00',1293811200,1293842045,31,NULL,NULL),(93,112,'8.00',1293811200,1293842071,31,NULL,NULL),(94,114,'5.00',1293811200,1293842076,31,NULL,NULL),(95,113,'8.00',1293811200,1293842080,31,NULL,NULL),(96,96,'5.00',1293811200,1293842090,31,NULL,NULL),(97,91,'5.00',1293811200,1293842098,31,NULL,NULL),(98,94,'5.00',1293811200,1293842120,31,NULL,NULL),(99,93,'6.00',1293811200,1293842122,31,NULL,NULL),(100,97,'5.00',1293811200,1293842128,31,NULL,NULL),(101,95,'5.00',1293811200,1293842133,31,NULL,NULL),(102,87,'10.00',1293811200,1293842158,31,NULL,NULL),(103,86,'10.00',1293811200,1293842161,31,NULL,NULL),(104,101,'6.00',1293811200,1293842178,31,NULL,NULL),(105,40,'0.50',1293811200,1293842199,31,NULL,NULL),(106,38,'0.50',1293811200,1293842203,31,NULL,NULL),(107,39,'0.50',1293811200,1293842209,31,NULL,NULL),(108,103,'5.00',1293811200,1293842609,31,NULL,NULL),(109,100,'5.00',1293811200,1293842611,31,NULL,NULL),(110,106,'5.00',1293811200,1293842614,31,NULL,NULL),(111,102,'5.00',1293811200,1293842617,31,NULL,NULL),(112,107,'5.00',1293811200,1293842624,31,NULL,NULL),(113,104,'5.00',1293811200,1293842627,31,NULL,NULL),(114,99,'5.00',1293811200,1293842630,31,NULL,NULL),(115,117,'5.00',1293811200,1293844381,31,NULL,NULL),(116,118,'5.00',1293811200,1293844386,31,NULL,NULL),(117,116,'5.00',1293811200,1293844390,31,NULL,NULL),(118,131,'6.00',1293811200,1293844717,31,1293850094,31),(119,132,'7.00',1293811200,1293844724,31,NULL,NULL),(120,133,'5.00',1293811200,1293844729,31,NULL,NULL),(121,135,'7.00',1293811200,1293844737,31,NULL,NULL),(122,134,'5.00',1293811200,1293844741,31,NULL,NULL),(123,136,'7.00',1293811200,1293844744,31,NULL,NULL),(124,134,'6.00',1293811200,1293844781,31,NULL,NULL),(125,139,'13.00',1293811200,1293844996,31,NULL,NULL),(126,137,'13.00',1293811200,1293844999,31,NULL,NULL),(127,138,'14.00',1293811200,1293845005,31,NULL,NULL),(128,141,'6.00',1293811200,1293846127,31,1293846163,31),(129,143,'6.00',1293811200,1293847303,31,NULL,NULL),(130,144,'8.00',1293811200,1293847311,31,NULL,NULL),(131,142,'8.00',1293811200,1293847314,31,NULL,NULL),(132,148,'8.00',1293811200,1293847324,31,NULL,NULL),(133,148,'8.50',1293811200,1293847329,31,NULL,NULL),(134,149,'8.50',1293811200,1293847333,31,NULL,NULL),(135,150,'8.50',1293811200,1293847338,31,NULL,NULL),(136,151,'8.50',1293811200,1293847342,31,NULL,NULL),(137,147,'8.50',1293811200,1293847349,31,NULL,NULL),(138,146,'7.50',1293811200,1293847355,31,NULL,NULL),(139,145,'7.50',1293811200,1293847358,31,NULL,NULL),(140,121,'1.00',1293811200,1293847373,31,NULL,NULL),(141,126,'7.00',1293811200,1293847384,31,NULL,NULL),(142,125,'7.00',1293811200,1293847387,31,NULL,NULL),(143,125,'6.00',1293811200,1293847582,31,NULL,NULL),(144,124,'3.00',1293811200,1293847588,31,NULL,NULL),(145,123,'3.00',1293811200,1293847591,31,NULL,NULL),(146,115,'5.00',1293811200,1293847596,31,NULL,NULL),(147,120,'5.00',1293811200,1293847598,31,NULL,NULL),(148,120,'12.00',1293811200,1293847604,31,NULL,NULL),(149,119,'12.00',1293811200,1293847608,31,NULL,NULL),(150,122,'3.00',1293811200,1293847616,31,NULL,NULL),(151,129,'1.00',1293811200,1293847621,31,NULL,NULL),(152,127,'17.50',1293811200,1293847628,31,NULL,NULL),(153,128,'18.50',1293811200,1293847635,31,NULL,NULL),(154,140,'6.00',1293811200,1293847768,31,NULL,NULL),(155,37,'0.50',1293811200,1293848875,31,NULL,NULL),(156,1,'54.00',1293811200,1293849320,31,NULL,NULL),(157,56,'1.00',1293811200,1293849855,31,NULL,NULL),(158,152,'1.50',1293811200,1293853348,31,NULL,NULL),(159,130,'7.00',1293897600,1293955315,31,NULL,NULL),(160,58,'1.50',1293984000,1294007312,31,NULL,NULL),(161,57,'1.50',1293984000,1294007316,31,NULL,NULL),(162,153,'6.00',1293984000,1294007413,31,NULL,NULL),(163,159,'2.00',1293984000,1294047403,31,NULL,NULL);
/*!40000 ALTER TABLE `price` ENABLE KEYS */;
UNLOCK TABLES;

--
-- Table structure for table `stock`
--

DROP TABLE IF EXISTS `stock`;
/*!40101 SET @saved_cs_client     = @@character_set_client */;
/*!40101 SET character_set_client = utf8 */;
CREATE TABLE `stock` (
  `id` int(10) unsigned NOT NULL AUTO_INCREMENT,
  `item_id` int(10) unsigned NOT NULL,
  `quantity` int(11) NOT NULL,
  `date_created` int(10) unsigned NOT NULL,
  `created_by` int(10) unsigned NOT NULL,
  `date_modified` int(10) unsigned DEFAULT NULL,
  `modified_by` int(10) unsigned DEFAULT NULL,
  PRIMARY KEY (`id`),
  UNIQUE KEY `item_id` (`item_id`)
) ENGINE=InnoDB DEFAULT CHARSET=utf8;
/*!40101 SET character_set_client = @saved_cs_client */;

--
-- Dumping data for table `stock`
--

LOCK TABLES `stock` WRITE;
/*!40000 ALTER TABLE `stock` DISABLE KEYS */;
/*!40000 ALTER TABLE `stock` ENABLE KEYS */;
UNLOCK TABLES;

--
-- Table structure for table `stock_log`
--

DROP TABLE IF EXISTS `stock_log`;
/*!40101 SET @saved_cs_client     = @@character_set_client */;
/*!40101 SET character_set_client = utf8 */;
CREATE TABLE `stock_log` (
  `id` int(10) unsigned NOT NULL AUTO_INCREMENT,
  `trans_type` tinyint(3) unsigned NOT NULL COMMENT '1=restock, 2=unstock, 3=adjust',
  `total_price` decimal(12,2) DEFAULT NULL,
  `remarks` varchar(256) CHARACTER SET latin1 DEFAULT NULL,
  `date_created` int(10) unsigned NOT NULL,
  `created_by` int(10) unsigned NOT NULL,
  `date_modified` int(10) unsigned DEFAULT NULL,
  `modified_by` int(10) unsigned DEFAULT NULL,
  PRIMARY KEY (`id`)
) ENGINE=InnoDB DEFAULT CHARSET=utf8;
/*!40101 SET character_set_client = @saved_cs_client */;

--
-- Dumping data for table `stock_log`
--

LOCK TABLES `stock_log` WRITE;
/*!40000 ALTER TABLE `stock_log` DISABLE KEYS */;
/*!40000 ALTER TABLE `stock_log` ENABLE KEYS */;
UNLOCK TABLES;

--
-- Table structure for table `stock_log_detail`
--

DROP TABLE IF EXISTS `stock_log_detail`;
/*!40101 SET @saved_cs_client     = @@character_set_client */;
/*!40101 SET character_set_client = utf8 */;
CREATE TABLE `stock_log_detail` (
  `id` int(10) unsigned NOT NULL AUTO_INCREMENT,
  `stock_id` int(10) unsigned NOT NULL,
  `quantity` int(11) NOT NULL,
  `unit_price` decimal(12,2) DEFAULT NULL,
  `total_price` decimal(12,0) DEFAULT NULL,
  PRIMARY KEY (`id`),
  KEY `stock_id` (`stock_id`)
) ENGINE=InnoDB DEFAULT CHARSET=utf8;
/*!40101 SET character_set_client = @saved_cs_client */;

--
-- Dumping data for table `stock_log_detail`
--

LOCK TABLES `stock_log_detail` WRITE;
/*!40000 ALTER TABLE `stock_log_detail` DISABLE KEYS */;
/*!40000 ALTER TABLE `stock_log_detail` ENABLE KEYS */;
UNLOCK TABLES;

--
-- Table structure for table `user`
--

DROP TABLE IF EXISTS `user`;
/*!40101 SET @saved_cs_client     = @@character_set_client */;
/*!40101 SET character_set_client = utf8 */;
CREATE TABLE `user` (
  `id` int(10) unsigned NOT NULL AUTO_INCREMENT,
  `email` varchar(127) NOT NULL,
  `username` varchar(32) NOT NULL,
  `password` varchar(64) NOT NULL,
  `logins` int(10) unsigned NOT NULL DEFAULT '0',
  `last_login` int(10) unsigned DEFAULT NULL,
  `last_login_ip` varchar(32) DEFAULT NULL,
  `banned` tinyint(4) NOT NULL DEFAULT '0',
  `active` tinyint(4) NOT NULL DEFAULT '0',
  `date_joined` int(11) NOT NULL,
  PRIMARY KEY (`id`),
  UNIQUE KEY `username` (`username`),
  UNIQUE KEY `email` (`email`)
) ENGINE=InnoDB AUTO_INCREMENT=32 DEFAULT CHARSET=utf8;
/*!40101 SET character_set_client = @saved_cs_client */;

--
-- Dumping data for table `user`
--

LOCK TABLES `user` WRITE;
/*!40000 ALTER TABLE `user` DISABLE KEYS */;
INSERT INTO `user` VALUES (31,'dc.eros@gmail.com','admin','5be739ee9798a9856cf52a67d41daa0c247bb7efbf95aa9c1d13086a92fbef1a',31,1294046316,'127.0.0.1',0,1,1293436587);
/*!40000 ALTER TABLE `user` ENABLE KEYS */;
UNLOCK TABLES;

--
-- Table structure for table `user_token`
--

DROP TABLE IF EXISTS `user_token`;
/*!40101 SET @saved_cs_client     = @@character_set_client */;
/*!40101 SET character_set_client = utf8 */;
CREATE TABLE `user_token` (
  `id` int(10) unsigned NOT NULL AUTO_INCREMENT,
  `user_id` int(10) unsigned NOT NULL,
  `user_agent` varchar(40) NOT NULL,
  `user_ip` varchar(32) NOT NULL,
  `token` varchar(32) CHARACTER SET ucs2 NOT NULL,
  `created` int(10) unsigned NOT NULL,
  `expires` int(10) unsigned NOT NULL,
  `activation` tinyint(4) NOT NULL DEFAULT '0' COMMENT 'Used for activation, not for autologin',
  PRIMARY KEY (`id`),
  UNIQUE KEY `token` (`token`),
  KEY `user_id` (`user_id`)
) ENGINE=InnoDB DEFAULT CHARSET=utf8;
/*!40101 SET character_set_client = @saved_cs_client */;

--
-- Dumping data for table `user_token`
--

LOCK TABLES `user_token` WRITE;
/*!40000 ALTER TABLE `user_token` DISABLE KEYS */;
/*!40000 ALTER TABLE `user_token` ENABLE KEYS */;
UNLOCK TABLES;
/*!40103 SET TIME_ZONE=@OLD_TIME_ZONE */;

/*!40101 SET SQL_MODE=@OLD_SQL_MODE */;
/*!40014 SET FOREIGN_KEY_CHECKS=@OLD_FOREIGN_KEY_CHECKS */;
/*!40014 SET UNIQUE_CHECKS=@OLD_UNIQUE_CHECKS */;
/*!40101 SET CHARACTER_SET_CLIENT=@OLD_CHARACTER_SET_CLIENT */;
/*!40101 SET CHARACTER_SET_RESULTS=@OLD_CHARACTER_SET_RESULTS */;
/*!40101 SET COLLATION_CONNECTION=@OLD_COLLATION_CONNECTION */;
/*!40111 SET SQL_NOTES=@OLD_SQL_NOTES */;

-- Dump completed on 2011-01-03 20:36:57
