-- MySQL dump 10.13  Distrib 5.1.53, for slackware-linux-gnu (i486)
--
-- Host: localhost    Database: simplestore
-- ------------------------------------------------------
-- Server version	5.1.53-log

/*!40101 SET @OLD_CHARACTER_SET_CLIENT=@@CHARACTER_SET_CLIENT */;
/*!40101 SET @OLD_CHARACTER_SET_RESULTS=@@CHARACTER_SET_RESULTS */;
/*!40101 SET @OLD_COLLATION_CONNECTION=@@COLLATION_CONNECTION */;
/*!40101 SET NAMES utf8 */;
/*!40103 SET @OLD_TIME_ZONE=@@TIME_ZONE */;
/*!40103 SET TIME_ZONE='+00:00' */;
/*!40014 SET @OLD_UNIQUE_CHECKS=@@UNIQUE_CHECKS, UNIQUE_CHECKS=0 */;
/*!40014 SET @OLD_FOREIGN_KEY_CHECKS=@@FOREIGN_KEY_CHECKS, FOREIGN_KEY_CHECKS=0 */;
/*!40101 SET @OLD_SQL_MODE=@@SQL_MODE, SQL_MODE='NO_AUTO_VALUE_ON_ZERO' */;
/*!40111 SET @OLD_SQL_NOTES=@@SQL_NOTES, SQL_NOTES=0 */;

--
-- Table structure for table `category`
--

DROP TABLE IF EXISTS `category`;
/*!40101 SET @saved_cs_client     = @@character_set_client */;
/*!40101 SET character_set_client = utf8 */;
CREATE TABLE `category` (
  `id` int(10) unsigned NOT NULL AUTO_INCREMENT,
  `name` varchar(30) CHARACTER SET latin1 NOT NULL,
  `description` varchar(256) CHARACTER SET latin1 DEFAULT NULL,
  `date_created` int(10) unsigned NOT NULL,
  `created_by` int(10) unsigned NOT NULL,
  `date_modified` int(10) unsigned DEFAULT NULL,
  `modified_by` int(10) unsigned DEFAULT NULL,
  PRIMARY KEY (`id`),
  UNIQUE KEY `name` (`name`)
) ENGINE=MyISAM AUTO_INCREMENT=23 DEFAULT CHARSET=utf8;
/*!40101 SET character_set_client = @saved_cs_client */;

--
-- Dumping data for table `category`
--

LOCK TABLES `category` WRITE;
/*!40000 ALTER TABLE `category` DISABLE KEYS */;
INSERT INTO `category` VALUES (1,'Food','Ready to eat foods, food ingredients not included',1293453680,31,NULL,NULL),(2,'Beverages','Includes softdrinks, energy drink',1293454334,31,NULL,NULL),(3,'Alcoholic','Beers and gin',1293454393,31,1293456419,31),(4,'Cooking ingredient','Cooking ingredients',1293454452,31,1293591360,31),(5,'Household','Household items such as detergent bars, soaps, etc',1293454491,31,1293679803,31),(6,'Load','Cellphone load',1293454541,31,NULL,NULL),(7,'Diaper','',1293454552,31,NULL,NULL),(8,'Cigarette','',1293454606,31,NULL,NULL),(9,'Others','',1293454637,31,NULL,NULL),(12,'Body and Wellness','Used for the body such as body soaps, shampoos and toothpaste, etc',1293679851,31,NULL,NULL),(13,'Shampoo','',1293779799,31,1293782336,31),(14,'Toothpaste','',1293779810,31,1293781562,31),(15,'Candy','',1293779826,31,NULL,NULL),(16,'Junk Food','',1293780362,31,NULL,NULL),(17,'Biscuit','',1293781237,31,NULL,NULL),(18,'Dishwashing','',1293782323,31,NULL,NULL),(19,'Hair Conditioner','',1293782350,31,1293782646,31),(20,'Styling Gel','',1293782476,31,NULL,NULL),(21,'Body Soap','',1293782572,31,NULL,NULL),(22,'Fabric Conditioner','',1293782640,31,NULL,NULL);
/*!40000 ALTER TABLE `category` ENABLE KEYS */;
UNLOCK TABLES;

--
-- Table structure for table `item`
--

DROP TABLE IF EXISTS `item`;
/*!40101 SET @saved_cs_client     = @@character_set_client */;
/*!40101 SET character_set_client = utf8 */;
CREATE TABLE `item` (
  `id` int(10) unsigned NOT NULL AUTO_INCREMENT,
  `category_id` int(10) unsigned NOT NULL,
  `code_name` varchar(16) CHARACTER SET latin1 NOT NULL,
  `name` varchar(64) CHARACTER SET latin1 NOT NULL,
  `description` varchar(256) CHARACTER SET latin1 DEFAULT NULL,
  `date_created` int(10) unsigned NOT NULL,
  `created_by` int(10) unsigned NOT NULL,
  `date_modified` int(10) unsigned DEFAULT NULL,
  `modified_by` int(10) unsigned DEFAULT NULL,
  PRIMARY KEY (`id`),
  UNIQUE KEY `code_name` (`code_name`),
  UNIQUE KEY `name` (`name`)
) ENGINE=MyISAM AUTO_INCREMENT=115 DEFAULT CHARSET=utf8;
/*!40101 SET character_set_client = @saved_cs_client */;

--
-- Dumping data for table `item`
--

LOCK TABLES `item` WRITE;
/*!40000 ALTER TABLE `item` DISABLE KEYS */;
INSERT INTO `item` VALUES (1,3,'REDHORSE-1L','Red Horse - 1L','',1293586031,31,NULL,NULL),(2,3,'REDHORSE-500ML','Red Horse 500mL','',1293586589,31,1293587818,31),(3,3,'SANMIG-GRANDE','San Miguel Pilsen Grande','',1293587639,31,1293778529,31),(4,1,'STICK-O','Stick-O','',1293587857,31,NULL,NULL),(5,16,'HAPPYBLUE','Happy Blue','',1293587874,31,1293780616,31),(6,16,'HAPPYGREEN-ADOBO','Happy Green - Chicken Adobo','',1293587888,31,1293780623,31),(7,15,'CHAMPY','Champy','',1293587902,31,1293780444,31),(10,2,'RC-800mL','RC 800mL','RC ng bayan',1293589203,31,NULL,NULL),(11,2,'RC-240mL','RC 240mL','RC ng bayan',1293589287,31,1293589325,31),(12,15,'MAXX-GREEN','Maxx Green','3 for P2',1293590123,31,1293780084,31),(13,15,'MAXXYELLOW','Maxx Yellow','3 for P2',1293590168,31,1293780323,31),(14,15,'MAXXWHITE','Maxx White','3 for P2',1293590174,31,1293780099,31),(15,15,'MENTOSVIOLET','Mentos Violet','3 for P2',1293590206,31,1293780328,31),(16,1,'CHOCOLATESTICKS','Chocolate Sticks','',1293590245,31,NULL,NULL),(17,1,'LOLLIPOP','Lollipop','Choco pop',1293590322,31,NULL,NULL),(18,16,'HALU-HALO','Halu-halo','',1293590355,31,1293780606,31),(19,16,'DING-DONG','Ding-dong','',1293590361,31,1293780596,31),(20,16,'CORNBITS-FLAKES','Corn Bits - Flakes','',1293590419,31,1293781068,31),(21,16,'BOSSBAWANG','Boss Bawang','',1293590451,31,1293780438,31),(22,16,'MUNCHERGREENPEAS','Muncher Green Peas','',1293590464,31,1293780907,31),(23,16,'CHEEPEECORNCHIPS','Cheepee Corn Chips','',1293590488,31,1293780574,31),(24,16,'MUNCHERCOATEDGRE','Muncher Coated Green Peas','Red color',1293590521,31,1293780898,31),(25,16,'YASUIGREENPEAS','Yasui Green Peas','',1293590545,31,1293781249,31),(26,16,'HAPPYRED-BBQ','Happy Red - BBQ','',1293590566,31,1293780630,31),(27,20,'GRIPSHAIRWAX','Grips Hair Wax','',1293590656,31,1293782484,31),(28,20,'YOUNGSSTYLINGGEL','Young\'s Styling Gel','',1293591009,31,1293782493,31),(29,1,'FUDGEEBARR-CHOCO','Fudgee Barr Choco Blast','',1293591049,31,1293591062,31),(30,1,'CHEESECAKE','Cheese Cake','Lemon\'s Square',1293591093,31,NULL,NULL),(31,16,'CHIKITOHOTSPICY','Chikito Hot & Spicy','',1293591131,31,1293780589,31),(32,16,'CHIKITOGARLIC','Chikito Garlic','Garlic flavor',1293591164,31,1293780583,31),(33,16,'KARAOKEGARLICCHI','Karaoke Garlic & Chili','',1293591195,31,1293780642,31),(34,4,'CHCKNBREAD-GARLC','Chicken Breading - Garlic','',1293591238,31,1293591291,31),(35,4,'CHCKNBREAD-CHSE','Chicken Breading - Cheese','',1293591318,31,1293591333,31),(36,4,'PAMINTADUROG','Paminta Durog','',1293591401,31,NULL,NULL),(37,4,'PAMINTABUO','Paminta Buo','',1293591410,31,NULL,NULL),(38,5,'CHLORINE','Chlorine','',1293591447,31,NULL,NULL),(39,5,'SALIC','Salic','',1293591461,31,NULL,NULL),(40,5,'ANYEL','Anyel','',1293591487,31,NULL,NULL),(41,1,'MRJIGGLESJELLYST','Mr. Jiggles Jelly Stick','',1293591585,31,NULL,NULL),(42,8,'FORTUNE-RED','Fortune - Red','',1293599442,31,NULL,NULL),(43,8,'FORTUNE-WHITE','Fortune - White','',1293599454,31,NULL,NULL),(44,8,'MARLBOROLIGHTS','Marlboro Lights','2 per piece, 3 for P5  ',1293599475,31,1293777392,31),(45,8,'MARLBORO','Marlboro','Red - 2 per piece, 3 for P5',1293599498,31,1293777334,31),(46,7,'BABYSOFT-MEDIUM','Baby Soft - Medium','',1293599542,31,NULL,NULL),(47,7,'BABYSOFT-LARGE','Baby Soft - Large','',1293599552,31,NULL,NULL),(48,6,'SMARTECONOMY30','Smart Economy 30','',1293599578,31,NULL,NULL),(49,6,'SMARTALLTXT20','Smart AllTXT 20','',1293599597,31,NULL,NULL),(50,15,'MAXXRED','Maxx Red','3 for P2',1293623416,31,1293780093,31),(52,1,'CHOCOJOEJELLY','Choco Joe Jelly','',1293623958,31,NULL,NULL),(53,1,'MARRIETIME','Marrie Time','',1293624227,31,NULL,NULL),(54,17,'YAAHOOPEANUTBUTT','Yaahoo Peanut Butter','',1293624248,31,1293781272,31),(55,17,'YAAHOOCHEESE','Yaahoo Cheese','',1293624275,31,1293781285,31),(56,17,'YAAHOOCHOCOLATE','Yaahoo Chocolate','',1293624300,31,1293781279,31),(57,1,'NISSINWAFERYUMMY','Nissin Wafer Yummy Butter','',1293624353,31,NULL,NULL),(58,1,'NISSINWAFERCHOCO','Nissin Wafer Chocolate','',1293624373,31,NULL,NULL),(59,16,'SKYFLAKESTSOKOLA','SkyFlakes Tsokolate','',1293624427,31,1293780974,31),(60,16,'KISSFISHCRACKER','Kiss Fish Cracker','',1293624471,31,1293780648,31),(61,16,'TOMISWEETCORN','Tomi Sweet Corn','',1293624499,31,1293780985,31),(62,16,'MOBYCRUNCHYCHOCO','Moby Crunchy Chocolate','',1293624527,31,1293781197,31),(63,16,'PEEWEESPICYCHILI','Peewee Spicy Chili','',1293624553,31,1293780955,31),(64,16,'RI-CHEE','Ri-chee','',1293624626,31,1293780962,31),(65,16,'PEEWEESIZZLINGBB','Peewee Sizzling BBQ','',1293624655,31,1293780917,31),(66,16,'MOBYCARAMELPUFFS','Moby Caramel Puffs','',1293624716,31,1293781189,31),(67,16,'TILAPIAKROPECKSN','Tilapia Kropeck Snack','',1293624759,31,1293780980,31),(68,16,'JAKITYAN','Jaki Tyan','',1293624835,31,1293780636,31),(69,16,'LECHONMANOKCRACK','Lechon Manok Crackers','',1293624861,31,1293780660,31),(70,16,'LUMPIASHANGHAICH','Lumpia Shanghai Cheese','',1293624982,31,1293780667,31),(71,16,'SEA-RENAFISHCRAC','Sea-rena Fish Crackers','',1293625125,31,1293780968,31),(72,14,'COLGATEFRESHCONF','Colgate Fresh Confidence','Violet - twin pack',1293679997,31,1293779943,31),(73,14,'COLGATEMAXCAVITY','Colgate Max Cavity Protection','Red - twin pack',1293680045,31,1293779951,31),(74,14,'CLOSEUPACTIVECLE','CloseUp Active Clean Mouthwash','Green - twin pack',1293680148,31,1293779842,31),(75,14,'HAPPYFRESHANDCOO','Happy Fresh and Cool','Triple pack',1293680224,31,1293779965,31),(78,8,'HOPE','Hope','2 per piece, 3 for P5  ',1293777385,31,NULL,NULL),(79,8,'PHILIPMORRIS','Philip Morris','2 per piece, 3 for P5  ',1293777545,31,NULL,NULL),(80,2,'COBRAENERGYDRINK','Cobra Energy Drink','',1293778452,31,NULL,NULL),(81,2,'FRUITSODA','Fruit Soda','',1293778465,31,NULL,NULL),(82,2,'FRUITSODALEMON','Fruit Soda Lemon','',1293778495,31,NULL,NULL),(83,3,'SANMIGUELPILSENS','San Miguel Pilsen Small','',1293778697,31,NULL,NULL),(84,1,'HARVEYCRYSTALJEL','Harvey Crystal Jelly','',1293778970,31,NULL,NULL),(85,1,'TUYO','Tuyo','',1293779225,31,NULL,NULL),(86,1,'TANGSTRAWBERRY','Tang Strawberry','',1293779242,31,NULL,NULL),(87,1,'TANGORANGE','Tang Orange','',1293779255,31,NULL,NULL),(88,1,'NESTEAICEDTEALEM','Nestea Iced Tea Lemon','',1293779276,31,NULL,NULL),(89,1,'NESCAFE3IN1','Nescafe 3 in 1','',1293779302,31,NULL,NULL),(90,1,'NESCAFECLASSIC2G','Nescafe Classic 2g','',1293779323,31,NULL,NULL),(91,1,'ENERGENCEREAL','Energen Cereal','',1293779387,31,NULL,NULL),(92,1,'COFFEEMATE','Coffee Mate','',1293779413,31,NULL,NULL),(93,1,'KOPIKOBROWNCOFFE','Kopiko Brown Coffee','',1293779457,31,NULL,NULL),(94,1,'KOPIKOBLACKCOFFE','Kopiko Black Coffee','',1293779467,31,NULL,NULL),(95,1,'LADYSCHOICESANDW','Lady\'s Choice Sandwich Spread','',1293779502,31,NULL,NULL),(96,1,'CRAFTCHEESEWHIZ','Craft Cheese Whiz','',1293779534,31,NULL,NULL),(97,1,'LADYSCHOICEHAMSP','Lady\'s Choice Ham Spread','',1293779552,31,NULL,NULL),(98,1,'MILO20G','Milo 20g','',1293779575,31,NULL,NULL),(99,13,'VASELINENATURALS','Vaseline Naturals 4 in 1','',1293779669,31,1293780000,31),(100,13,'HEADANDSHOULDERS','Head and Shoulders Cool Menthol','Green',1293779711,31,1293779992,31),(101,19,'CREAMSILKCONDITI','Creamsilk Dundruff Free','Violet',1293781697,31,1293782394,31),(102,13,'REJOICERICHQUATT','Rejoice Rich Quattro Pack','Green',1293781746,31,1293781758,31),(103,13,'CLEARMENCLEANXTR','Clear Men Clean xTreme','Dark blue',1293781807,31,NULL,NULL),(104,13,'SUNSILKSTRONGLON','Sunsilk Strong & Long','Twin pack - green',1293781856,31,NULL,NULL),(105,12,'REXONAWOMENDEOLO','Rexona Women Deo Lotion ','',1293781958,31,NULL,NULL),(106,13,'PALMOLIVESHAMPOO','Palmolive Shampoo Pink','',1293782097,31,NULL,NULL),(107,13,'SUNSILKDAMAGEREP','Sunsilk Damage Repair','Twin pack - orange',1293782132,31,1293782147,31),(108,18,'JOYULTRALEMON','Joy Ultra Lemon','Yellow',1293782184,31,1293782448,31),(109,18,'JOYULTRAANTIBAC','Joy Ultra Antibac','Light-blue',1293782204,31,1293782443,31),(110,21,'SAFEGUARDCALAMAN','Safeguard Calamansi Small','',1293782599,31,NULL,NULL),(111,22,'DELSUMMERFRESH','Del Summer Fresh','Yellow',1293782794,31,NULL,NULL),(112,22,'DOWNY1BANLAW','Downy 1Banlaw','',1293782812,31,NULL,NULL),(113,22,'DOWNYSUNRISE35ML','Downy Sunrise Fresh 35mL','',1293782870,31,1293783109,31),(114,22,'DOWNYSUNRISE23ML','Downy Sunrise Fresh 23mL','',1293783117,31,1293783131,31);
/*!40000 ALTER TABLE `item` ENABLE KEYS */;
UNLOCK TABLES;

--
-- Table structure for table `price`
--

DROP TABLE IF EXISTS `price`;
/*!40101 SET @saved_cs_client     = @@character_set_client */;
/*!40101 SET character_set_client = utf8 */;
CREATE TABLE `price` (
  `id` int(10) unsigned NOT NULL AUTO_INCREMENT,
  `item_id` int(10) unsigned NOT NULL,
  `price` decimal(12,2) NOT NULL,
  `effective_date` int(10) unsigned NOT NULL,
  `date_created` int(10) unsigned NOT NULL,
  `created_by` int(10) unsigned NOT NULL,
  `date_modified` int(10) unsigned DEFAULT NULL,
  `modified_by` int(10) unsigned DEFAULT NULL,
  PRIMARY KEY (`id`),
  KEY `item_id` (`item_id`),
  KEY `effective_date` (`effective_date`)
) ENGINE=MyISAM AUTO_INCREMENT=87 DEFAULT CHARSET=utf8;
/*!40101 SET character_set_client = @saved_cs_client */;

--
-- Dumping data for table `price`
--

LOCK TABLES `price` WRITE;
/*!40000 ALTER TABLE `price` DISABLE KEYS */;
INSERT INTO `price` VALUES (1,11,'5.00',1263916800,1293622576,31,1293622595,31),(2,11,'1.00',1275321600,1293622619,31,1293622650,31),(3,11,'7.00',1285862400,1293622666,31,NULL,NULL),(4,10,'15.00',1293552000,1293622687,31,NULL,NULL),(5,12,'1.00',1293552000,1293622699,31,NULL,NULL),(6,14,'1.00',1293552000,1293622703,31,NULL,NULL),(7,13,'1.00',1293552000,1293622707,31,NULL,NULL),(8,50,'1.00',1293552000,1293623425,31,NULL,NULL),(9,55,'1.00',1293638400,1293670882,31,NULL,NULL),(10,56,'1.00',1293638400,1293670888,31,NULL,NULL),(11,54,'1.00',1293638400,1293670894,31,NULL,NULL),(12,65,'1.00',1293638400,1293671222,31,1293671247,31),(13,63,'1.00',1293638400,1293671253,31,1293671265,31),(14,72,'6.00',1293638400,1293680559,31,NULL,NULL),(15,73,'6.00',1293638400,1293680563,31,1293691556,31),(16,73,'6.00',0,1293691708,31,NULL,NULL),(17,11,'7.00',0,1293692400,31,NULL,NULL),(18,53,'1.00',1259510400,1293693139,31,NULL,NULL),(19,1,'54.00',1293724800,1293776863,31,NULL,NULL),(20,2,'7.00',1293724800,1293776959,31,NULL,NULL),(21,3,'55.00',1293724800,1293776978,31,NULL,NULL),(22,21,'1.00',1293724800,1293776995,31,NULL,NULL),(23,7,'1.00',1293724800,1293776999,31,NULL,NULL),(24,23,'1.00',1293724800,1293777003,31,NULL,NULL),(25,30,'6.00',1293724800,1293777159,31,NULL,NULL),(26,32,'1.00',1293724800,1293777163,31,NULL,NULL),(27,74,'6.00',1293724800,1293777180,31,NULL,NULL),(28,75,'5.00',1293724800,1293777187,31,NULL,NULL),(29,42,'1.00',1293724800,1293777198,31,NULL,NULL),(30,43,'1.00',1293724800,1293777201,31,NULL,NULL),(31,45,'2.00',1293724800,1293777205,31,NULL,NULL),(32,78,'2.00',1293724800,1293777611,31,NULL,NULL),(33,44,'2.00',1293724800,1293777614,31,NULL,NULL),(34,79,'2.00',1293724800,1293777617,31,NULL,NULL),(35,31,'1.00',1293724800,1293777633,31,NULL,NULL),(36,52,'1.00',1293724800,1293777636,31,NULL,NULL),(37,16,'1.00',1293724800,1293777639,31,NULL,NULL),(38,20,'1.00',1293724800,1293777643,31,NULL,NULL),(39,19,'1.00',1293724800,1293777645,31,NULL,NULL),(40,29,'1.00',1293724800,1293777647,31,NULL,NULL),(41,18,'1.00',1293724800,1293777650,31,NULL,NULL),(42,5,'1.00',1293724800,1293777655,31,NULL,NULL),(43,6,'1.00',1293724800,1293777657,31,NULL,NULL),(44,26,'1.00',1293724800,1293777660,31,NULL,NULL),(45,68,'1.00',1293724800,1293777662,31,NULL,NULL),(46,33,'1.00',1293724800,1293777665,31,NULL,NULL),(47,60,'1.00',1293724800,1293777666,31,NULL,NULL),(48,69,'1.00',1293724800,1293777670,31,NULL,NULL),(49,17,'1.00',1293724800,1293777673,31,NULL,NULL),(50,70,'1.00',1293724800,1293777676,31,NULL,NULL),(51,15,'1.00',1293724800,1293777784,31,NULL,NULL),(52,66,'1.00',1293724800,1293777786,31,NULL,NULL),(53,62,'1.00',1293724800,1293777792,31,NULL,NULL),(54,24,'1.00',1293724800,1293777805,31,NULL,NULL),(55,22,'1.00',1293724800,1293777808,31,NULL,NULL),(56,58,'1.00',1293724800,1293777811,31,NULL,NULL),(57,57,'1.00',1293724800,1293777813,31,NULL,NULL),(58,64,'1.00',1293724800,1293777815,31,NULL,NULL),(59,71,'1.00',1293724800,1293777818,31,NULL,NULL),(60,59,'1.00',1293724800,1293777823,31,NULL,NULL),(61,4,'1.00',1293724800,1293777827,31,NULL,NULL),(62,67,'1.00',1293724800,1293777831,31,NULL,NULL),(63,61,'1.00',1293724800,1293777834,31,NULL,NULL),(64,25,'1.00',1293724800,1293777837,31,NULL,NULL),(65,49,'20.00',1293724800,1293777847,31,NULL,NULL),(66,48,'30.00',1293724800,1293777850,31,NULL,NULL),(67,41,'1.00',1293724800,1293777922,31,NULL,NULL),(68,27,'5.00',1293724800,1293778310,31,NULL,NULL),(69,28,'3.00',1293724800,1293778405,31,NULL,NULL),(70,83,'20.00',1293724800,1293778714,31,NULL,NULL),(71,80,'10.00',1293724800,1293778745,31,NULL,NULL),(72,81,'7.00',1293724800,1293778755,31,NULL,NULL),(73,82,'7.00',1293724800,1293778757,31,NULL,NULL),(74,52,'2.00',1293724800,1293778916,31,NULL,NULL),(75,84,'2.00',1293724800,1293778979,31,NULL,NULL),(76,92,'2.00',1293724800,1293781384,31,NULL,NULL),(77,98,'5.00',1293724800,1293781395,31,NULL,NULL),(78,89,'5.00',1293724800,1293781399,31,NULL,NULL),(79,90,'2.00',1293724800,1293781403,31,NULL,NULL),(80,88,'10.00',1293724800,1293781410,31,NULL,NULL),(81,85,'5.00',1293724800,1293781426,31,NULL,NULL),(82,105,'5.00',1293724800,1293783398,31,NULL,NULL),(83,110,'10.00',1293724800,1293783406,31,NULL,NULL),(84,35,'5.00',1293724800,1293783694,31,NULL,NULL),(85,34,'5.00',1293724800,1293783701,31,NULL,NULL),(86,37,'0.50',1293724800,1293783735,31,NULL,NULL);
/*!40000 ALTER TABLE `price` ENABLE KEYS */;
UNLOCK TABLES;

--
-- Table structure for table `stock`
--

DROP TABLE IF EXISTS `stock`;
/*!40101 SET @saved_cs_client     = @@character_set_client */;
/*!40101 SET character_set_client = utf8 */;
CREATE TABLE `stock` (
  `id` int(10) unsigned NOT NULL AUTO_INCREMENT,
  `item_id` int(10) unsigned NOT NULL,
  `quantity` int(11) NOT NULL,
  `date_created` int(10) unsigned NOT NULL,
  `created_by` int(10) unsigned NOT NULL,
  `date_modified` int(10) unsigned DEFAULT NULL,
  `modified_by` int(10) unsigned DEFAULT NULL,
  PRIMARY KEY (`id`),
  UNIQUE KEY `item_id` (`item_id`)
) ENGINE=MyISAM DEFAULT CHARSET=utf8;
/*!40101 SET character_set_client = @saved_cs_client */;

--
-- Dumping data for table `stock`
--

LOCK TABLES `stock` WRITE;
/*!40000 ALTER TABLE `stock` DISABLE KEYS */;
/*!40000 ALTER TABLE `stock` ENABLE KEYS */;
UNLOCK TABLES;

--
-- Table structure for table `stock_log`
--

DROP TABLE IF EXISTS `stock_log`;
/*!40101 SET @saved_cs_client     = @@character_set_client */;
/*!40101 SET character_set_client = utf8 */;
CREATE TABLE `stock_log` (
  `id` int(10) unsigned NOT NULL AUTO_INCREMENT,
  `trans_type` tinyint(3) unsigned NOT NULL COMMENT '1=restock, 2=unstock, 3=adjust',
  `total_price` decimal(12,2) DEFAULT NULL,
  `remarks` varchar(256) CHARACTER SET latin1 DEFAULT NULL,
  `date_created` int(10) unsigned NOT NULL,
  `created_by` int(10) unsigned NOT NULL,
  `date_modified` int(10) unsigned DEFAULT NULL,
  `modified_by` int(10) unsigned DEFAULT NULL,
  PRIMARY KEY (`id`)
) ENGINE=MyISAM DEFAULT CHARSET=utf8;
/*!40101 SET character_set_client = @saved_cs_client */;

--
-- Dumping data for table `stock_log`
--

LOCK TABLES `stock_log` WRITE;
/*!40000 ALTER TABLE `stock_log` DISABLE KEYS */;
/*!40000 ALTER TABLE `stock_log` ENABLE KEYS */;
UNLOCK TABLES;

--
-- Table structure for table `stock_log_detail`
--

DROP TABLE IF EXISTS `stock_log_detail`;
/*!40101 SET @saved_cs_client     = @@character_set_client */;
/*!40101 SET character_set_client = utf8 */;
CREATE TABLE `stock_log_detail` (
  `id` int(10) unsigned NOT NULL AUTO_INCREMENT,
  `stock_id` int(10) unsigned NOT NULL,
  `quantity` int(11) NOT NULL,
  `unit_price` decimal(12,2) DEFAULT NULL,
  `total_price` decimal(12,0) DEFAULT NULL,
  PRIMARY KEY (`id`),
  KEY `stock_id` (`stock_id`)
) ENGINE=MyISAM DEFAULT CHARSET=utf8;
/*!40101 SET character_set_client = @saved_cs_client */;

--
-- Dumping data for table `stock_log_detail`
--

LOCK TABLES `stock_log_detail` WRITE;
/*!40000 ALTER TABLE `stock_log_detail` DISABLE KEYS */;
/*!40000 ALTER TABLE `stock_log_detail` ENABLE KEYS */;
UNLOCK TABLES;

--
-- Table structure for table `user`
--

DROP TABLE IF EXISTS `user`;
/*!40101 SET @saved_cs_client     = @@character_set_client */;
/*!40101 SET character_set_client = utf8 */;
CREATE TABLE `user` (
  `id` int(10) unsigned NOT NULL AUTO_INCREMENT,
  `email` varchar(127) NOT NULL,
  `username` varchar(32) NOT NULL,
  `password` varchar(64) NOT NULL,
  `logins` int(10) unsigned NOT NULL DEFAULT '0',
  `last_login` int(10) unsigned DEFAULT NULL,
  `last_login_ip` varchar(32) DEFAULT NULL,
  `banned` tinyint(4) NOT NULL DEFAULT '0',
  `active` tinyint(4) NOT NULL DEFAULT '0',
  `date_joined` int(11) NOT NULL,
  PRIMARY KEY (`id`),
  UNIQUE KEY `username` (`username`),
  UNIQUE KEY `email` (`email`)
) ENGINE=MyISAM AUTO_INCREMENT=32 DEFAULT CHARSET=utf8;
/*!40101 SET character_set_client = @saved_cs_client */;

--
-- Dumping data for table `user`
--

LOCK TABLES `user` WRITE;
/*!40000 ALTER TABLE `user` DISABLE KEYS */;
INSERT INTO `user` VALUES (31,'dc.eros@gmail.com','admin','5be739ee9798a9856cf52a67d41daa0c247bb7efbf95aa9c1d13086a92fbef1a',17,1293769448,'127.0.0.1',0,1,1293436587);
/*!40000 ALTER TABLE `user` ENABLE KEYS */;
UNLOCK TABLES;

--
-- Table structure for table `user_token`
--

DROP TABLE IF EXISTS `user_token`;
/*!40101 SET @saved_cs_client     = @@character_set_client */;
/*!40101 SET character_set_client = utf8 */;
CREATE TABLE `user_token` (
  `id` int(10) unsigned NOT NULL AUTO_INCREMENT,
  `user_id` int(10) unsigned NOT NULL,
  `user_agent` varchar(40) NOT NULL,
  `user_ip` varchar(32) NOT NULL,
  `token` varchar(32) CHARACTER SET ucs2 NOT NULL,
  `created` int(10) unsigned NOT NULL,
  `expires` int(10) unsigned NOT NULL,
  `activation` tinyint(4) NOT NULL DEFAULT '0' COMMENT 'Used for activation, not for autologin',
  PRIMARY KEY (`id`),
  UNIQUE KEY `token` (`token`),
  KEY `user_id` (`user_id`)
) ENGINE=MyISAM AUTO_INCREMENT=27 DEFAULT CHARSET=utf8;
/*!40101 SET character_set_client = @saved_cs_client */;

--
-- Dumping data for table `user_token`
--

LOCK TABLES `user_token` WRITE;
/*!40000 ALTER TABLE `user_token` DISABLE KEYS */;
/*!40000 ALTER TABLE `user_token` ENABLE KEYS */;
UNLOCK TABLES;
/*!40103 SET TIME_ZONE=@OLD_TIME_ZONE */;

/*!40101 SET SQL_MODE=@OLD_SQL_MODE */;
/*!40014 SET FOREIGN_KEY_CHECKS=@OLD_FOREIGN_KEY_CHECKS */;
/*!40014 SET UNIQUE_CHECKS=@OLD_UNIQUE_CHECKS */;
/*!40101 SET CHARACTER_SET_CLIENT=@OLD_CHARACTER_SET_CLIENT */;
/*!40101 SET CHARACTER_SET_RESULTS=@OLD_CHARACTER_SET_RESULTS */;
/*!40101 SET COLLATION_CONNECTION=@OLD_COLLATION_CONNECTION */;
/*!40111 SET SQL_NOTES=@OLD_SQL_NOTES */;

-- Dump completed on 2010-12-31 17:00:40
